{
    "Logistic Regression": {
        "accuracy": 0.97,
        "precision": 0.9601910828025477,
        "recall": 0.9820846905537459,
        "f1_score": 0.9710144927536232
    },
    "Multinomial Naive Bayes": {
        "accuracy": 0.93,
        "precision": 0.9344262295081968,
        "recall": 0.9283387622149837,
        "f1_score": 0.931372549019608
    },
    "Decision Tree": {
        "accuracy": 0.9925,
        "precision": 0.9886914378029079,
        "recall": 0.996742671009772,
        "f1_score": 0.9927007299270073
    },
    "Passive Aggressive Classifier": {
        "accuracy": 0.9858333333333333,
        "precision": 0.9853658536585366,
        "recall": 0.9869706840390879,
        "f1_score": 0.9861676159479251
    },
    "Random Forest": {
        "accuracy": 0.9916666666666667,
        "precision": 0.9870967741935484,
        "recall": 0.996742671009772,
        "f1_score": 0.9918962722852512
    },
    "Support Vector Machine": {
        "accuracy": 0.9858333333333333,
        "precision": 0.9837925445705025,
        "recall": 0.988599348534202,
        "f1_score": 0.9861900893582453
    },
    "LSTM": {
        "accuracy": 0.905,
        "precision": 0.877643504531722,
        "recall": 0.9462540716612378,
        "f1_score": 0.9106583072100314
    },
    "BERT": {
        "accuracy": 0.8225,
        "precision": 0.8986083499005965,
        "recall": 0.7361563517915309,
        "f1_score": 0.8093106535362578
    }
}